model_name,variant_label,perturbation_id,horizon_s,occupied_iou,semantic_miou,false_free_rate,false_occupied_rate,pred_gt_occupied_ratio,small_object_false_free,new_visible_recall,front_sector_false_free,dynamic_false_free,static_false_free,active_voxel_count,wrong_class_activation,A10_front_h6_recovery_ratio,reliability_front_sector,reliability_small_object,reliability_new_visible,risk_error_correlation,clean_occupied_iou_delta,clean_semantic_miou_delta,clean_false_positive_delta,active_voxel_count_delta,pred_gt_density_delta,wrong_class_activation_delta,C4_false_positive_delta,front_sector_false_free_rate,small_object_false_free_rate,dynamic_object_false_free_rate,future_h4_h6_false_free_rate,A10_front_h6_recovery_rate,false_positive_rate,density_drift,wrong_class_rate,clean_A0_metric_drift,repaired_camera_count,memory_age_frame,feature_distance_current_memory,repair_triggered_ratio,feature_norm_drift,sample_index,uses_future_info,uses_current_clean_same_frame,uses_gt_repair,case_count,blend_alpha
epoch_56_original,R0_degraded_native,A0_clean,0,0.275753537368205,0.1270552717035325,0.4675985474260472,0.05214100550931259,1.4652679342026045,0.49362315070915336,0.0,0.24953654254653967,0.31483365502977445,0.4771164063440502,49684.5,0.11977287036397084,0.0,0.7504634574534602,0.5063768492908467,0.0,0.24953654254653967,0.0,0.0,0.0,0.0,0.0,0.0,0.0,0.24953654254653967,0.49362315070915336,0.31483365502977445,0.0,0.0,0.05214100550931259,0.0,0.11977287036397084,0.0,0.0,0.0,0.0,0.0,0.0,9.5,0.0,0.0,0.0,20,
epoch_56_original,R0_degraded_native,A0_clean,2,0.2743139286989895,0.11511698407249313,0.453002378899919,0.05605399052201868,1.5416720698443933,0.4785098881342722,0.4189402777576386,0.28593322809445254,0.3431151547041837,0.4599409523729648,52656.5,0.13506745309824814,0.0,0.7140667719055476,0.5214901118657278,0.4189402777576386,0.28593322809445254,0.0,0.0,0.0,0.0,0.0,0.0,0.0,0.28593322809445254,0.4785098881342722,0.3431151547041837,0.0,0.0,0.05605399052201868,0.0,0.13506745309824814,0.0,0.0,0.0,0.0,0.0,0.0,9.5,0.0,0.0,0.0,20,
epoch_56_original,R0_degraded_native,A0_clean,4,0.26864338711195035,0.10467323325242961,0.46743844970231524,0.055600363755964596,1.519371043489982,0.5107022156472769,0.4123355869404417,0.2928198849836877,0.38665523561476256,0.4723818835124722,51907.15,0.1370867892709567,0.0,0.7071801150163124,0.489297784352723,0.4123355869404417,0.2928198849836877,0.0,0.0,0.0,0.0,0.0,0.0,0.0,0.2928198849836877,0.5107022156472769,0.38665523561476256,0.46743844970231524,0.0,0.055600363755964596,0.0,0.1370867892709567,0.0,0.0,0.0,0.0,0.0,0.0,9.5,0.0,0.0,0.0,20,
epoch_56_original,R0_degraded_native,A0_clean,6,0.26082739591354975,0.09496097463669786,0.4829178554199872,0.05538175468789669,1.5046886175139411,0.5033465727770159,0.4067715023013638,0.3257204847438003,0.4327163954110592,0.4857511224153666,51173.95,0.13951773383513122,0.0,0.6742795152561998,0.4966534272229842,0.4067715023013638,0.3257204847438003,0.0,0.0,0.0,0.0,0.0,0.0,0.0,0.3257204847438003,0.5033465727770159,0.4327163954110592,0.4829178554199872,0.0,0.05538175468789669,0.0,0.13951773383513122,0.0,0.0,0.0,0.0,0.0,0.0,9.5,0.0,0.0,0.0,20,
epoch_56_original,R0_degraded_native,A1_drop_cam_front,0,0.20636939286313494,0.08324997108557182,0.5890229851407968,0.055291591267252284,1.3997836868041753,0.5541857307410828,0.0,0.5051817126012289,0.4261234181029992,0.5987252257517983,47451.45,0.11486047282579451,0.0,0.49481828739877126,0.4458142692589172,0.0,0.5051817126012289,0.0,0.0,0.0,0.0,0.0,0.0,0.0,0.5051817126012289,0.5541857307410828,0.4261234181029992,0.0,0.0,0.055291591267252284,0.0,0.11486047282579451,0.0,0.0,0.0,0.0,0.0,0.0,9.5,0.0,0.0,0.0,20,
epoch_56_original,R0_degraded_native,A1_drop_cam_front,2,0.19489847957733902,0.07531901647079023,0.6068787722473303,0.057430731821302025,1.4117216416429215,0.5902875266757688,0.3060103431309219,0.6346977038085824,0.5339955928335599,0.6112131772182087,48230.95,0.10831279843416206,0.0,0.3653022961914175,0.4097124733242312,0.3060103431309219,0.6346977038085824,0.0,0.0,0.0,0.0,0.0,0.0,0.0,0.6346977038085824,0.5902875266757688,0.5339955928335599,0.0,0.0,0.057430731821302025,0.0,0.10831279843416206,0.0,0.0,0.0,0.0,0.0,0.0,9.5,0.0,0.0,0.0,20,
epoch_56_original,R0_degraded_native,A1_drop_cam_front,4,0.1828320886958626,0.06541295757396812,0.6301347940371278,0.05786103631289301,1.3959015901091307,0.6116773935843669,0.30074490441019736,0.6857069485374737,0.5540951602803276,0.6349477338043124,47694.4,0.10701545730528442,0.0,0.31429305146252634,0.38832260641563304,0.30074490441019736,0.6857069485374737,0.0,0.0,0.0,0.0,0.0,0.0,0.0,0.6857069485374737,0.6116773935843669,0.5540951602803276,0.6301347940371278,0.0,0.05786103631289301,0.0,0.10701545730528442,0.0,0.0,0.0,0.0,0.0,0.0,9.5,0.0,0.0,0.0,20,
epoch_56_original,R0_degraded_native,A1_drop_cam_front,6,0.1771955415298176,0.05719343169253264,0.6398254830541876,0.05762846307302938,1.3879893522857414,0.6698731076204572,0.2951499495833162,0.7122521931092755,0.5902445738534797,0.6436129213214883,47150.55,0.1097174074068861,0.0,0.2877478068907246,0.33012689237954257,0.2951499495833162,0.7122521931092755,0.0,0.0,0.0,0.0,0.0,0.0,0.0,0.7122521931092755,0.6698731076204572,0.5902445738534797,0.6398254830541876,0.0,0.05762846307302938,0.0,0.1097174074068861,0.0,0.0,0.0,0.0,0.0,0.0,9.5,0.0,0.0,0.0,20,
epoch_56_original,R1_replace_tminus1,A1_drop_cam_front,0,0.26206223778954024,0.11214267701413302,0.4710419430304218,0.05701642185932555,1.5484278439867523,0.5078559043384419,0.0,0.29176904466533216,0.37658283853925995,0.47656215035317057,52514.2,0.12504371147600646,0.0,0.7082309553346677,0.4921440956615582,0.0,0.29176904466533216,0.05569284492640532,0.0288927059285612,0.0017248305920732703,0.10892077181287811,0.1486441571825766,0.010183238650211982,0.0017248305920732703,0.29176904466533216,0.5078559043384419,0.37658283853925995,0.0,0.0,0.05701642185932555,0.1486441571825766,0.12504371147600646,0.05569284492640532,1.0,1.0,0.04677760045636785,1.0,18049.386112976073,9.5,0.0,0.0,0.0,20,
epoch_56_original,R1_replace_tminus1,A1_drop_cam_front,2,0.2530259693873946,0.10032254181192753,0.4699665163506926,0.061852961358155475,1.6269131374220471,0.5278517421278942,0.402717057687526,0.3516099994254068,0.4099185995952451,0.4736196323859133,55577.75,0.13390149830288228,0.0,0.6483900005745932,0.4721482578721058,0.402717057687526,0.3516099994254068,0.05812748981005557,0.025003525341137332,0.004422229536853442,0.1539679232158075,0.21519149577912552,0.025588699868720262,0.004422229536853442,0.3516099994254068,0.5278517421278942,0.4099185995952451,0.0,0.0,0.061852961358155475,0.21519149577912552,0.13390149830288228,0.05812748981005557,1.0,1.0,0.04677760045636785,1.0,18049.386112976073,9.5,0.0,0.0,0.0,20,
epoch_56_original,R1_replace_tminus1,A1_drop_cam_front,4,0.2472931133163047,0.08952022476195244,0.47837599442451284,0.06274497064321705,1.6346488941667459,0.4994506072053114,0.409453729939239,0.3578826891138011,0.4324903041681078,0.48118992772335184,55861.2,0.13924311187617827,0.0,0.6421173108861989,0.5005493927946887,0.409453729939239,0.3578826891138011,0.06446102462044215,0.024107267187984303,0.00488393433032403,0.1730413833362203,0.23874730405761527,0.032227654570893834,0.00488393433032403,0.3578826891138011,0.4994506072053114,0.4324903041681078,0.47837599442451284,0.0,0.06274497064321705,0.23874730405761527,0.13924311187617827,0.06446102462044215,1.0,1.0,0.04677760045636785,1.0,18049.386112976073,9.5,0.0,0.0,0.0,20,
epoch_56_original,R1_replace_tminus1,A1_drop_cam_front,6,0.24330210563903001,0.07995613072087246,0.4845224371106645,0.06294349325149018,1.638324416660301,0.49923679528377496,0.4080218931275777,0.3517040433193609,0.48118293971760684,0.48494251045040315,55696.25,0.14542800715013288,0.0,0.648295956680639,0.500763204716225,0.4080218931275777,0.3517040433193609,0.06610656410921235,0.02276269902833982,0.005315030178460786,0.18555547968539726,0.2503350643745598,0.035710599743246786,0.005315030178460786,0.3517040433193609,0.49923679528377496,0.48118293971760684,0.4845224371106645,0.0,0.06294349325149018,0.2503350643745598,0.14542800715013288,0.06610656410921235,1.0,1.0,0.04677760045636785,1.0,18049.386112976073,9.5,0.0,0.0,0.0,20,
epoch_56_original,R2_replace_tminus2,A1_drop_cam_front,0,0.26014735016039015,0.10545039795532499,0.4756458388711843,0.056826286925841595,1.539922041256745,0.530328572888861,0.0,0.31984420622206083,0.4161766597421585,0.47912161814594745,52242.25,0.1283694633900487,0.0,0.6801557937779391,0.46967142711113874,0.0,0.31984420622206083,0.053777957297255194,0.022200426869753147,0.0015346956585893152,0.10379848059712274,0.14013835445256945,0.013508990564254243,0.0015346956585893152,0.31984420622206083,0.530328572888861,0.4161766597421585,0.0,0.0,0.056826286925841595,0.14013835445256945,0.1283694633900487,0.053777957297255194,1.0,2.0,0.04668052563951775,1.0,17975.21771697998,9.5,0.0,0.0,0.0,20,
epoch_56_original,R2_replace_tminus2,A1_drop_cam_front,2,0.2506841842102556,0.09663219171882648,0.4740289304665989,0.062005907335467826,1.6254007792020206,0.514136380695662,0.39712600096935374,0.36787580007711834,0.4377710921486691,0.4762233878373331,55533.4,0.13818981134859282,0.0,0.6321241999228817,0.485863619304338,0.39712600096935374,0.36787580007711834,0.055785704632916676,0.02131317524803627,0.004575175514165806,0.15332799210724282,0.213679137559099,0.02987701291443077,0.004575175514165806,0.36787580007711834,0.514136380695662,0.4377710921486691,0.0,0.0,0.062005907335467826,0.213679137559099,0.13818981134859282,0.055785704632916676,1.0,2.0,0.04668052563951775,1.0,17975.21771697998,9.5,0.0,0.0,0.0,20,
epoch_56_original,R2_replace_tminus2,A1_drop_cam_front,4,0.24538915382884455,0.08658878827659741,0.48061556331328764,0.06310615747958687,1.6388306568042215,0.5235333459457105,0.4036961486514826,0.35888262836887985,0.4637842705033749,0.48166549328651254,55999.75,0.14400835705134335,0.0,0.64111737163112,0.4764666540542894,0.4036961486514826,0.35888262836887985,0.06255706513298194,0.021175830702629288,0.005245121166693853,0.17638722556992376,0.24292906669509112,0.03699289974605889,0.005245121166693853,0.35888262836887985,0.5235333459457105,0.4637842705033749,0.48061556331328764,0.0,0.06310615747958687,0.24292906669509112,0.14400835705134335,0.06255706513298194,1.0,2.0,0.04668052563951775,1.0,17975.21771697998,9.5,0.0,0.0,0.0,20,
epoch_56_original,R2_replace_tminus2,A1_drop_cam_front,6,0.23890807628889346,0.07696715085686494,0.491769588332006,0.06342815295388035,1.6395425727721733,0.49686859083262974,0.3977526256752702,0.3540312104743696,0.510063117619082,0.49081489156161984,55739.85,0.14805822830380913,0.0,0.6459687895256303,0.5031314091673702,0.3977526256752702,0.3540312104743696,0.06171253475907582,0.019773719164332286,0.00579968988085096,0.1870627499987182,0.2515532204864321,0.038340820896923034,0.00579968988085096,0.3540312104743696,0.49686859083262974,0.510063117619082,0.491769588332006,0.0,0.06342815295388035,0.2515532204864321,0.14805822830380913,0.06171253475907582,1.0,2.0,0.04668052563951775,1.0,17975.21771697998,9.5,0.0,0.0,0.0,20,
epoch_56_original,R3_ema_K2,A1_drop_cam_front,0,0.26289725630083693,0.11138622012394442,0.4703503202383198,0.05679447800070185,1.5448122474680988,0.5214729052708805,0.0,0.2941065353929143,0.38466038329457075,0.4754091116101519,52400.65,0.12564664713402163,0.0,0.7058934646070857,0.4785270947291195,0.0,0.2941065353929143,0.056527863437702,0.028136249038372595,0.001502886733449582,0.10662724935342716,0.14502856066392322,0.010786174308227123,0.001502886733449582,0.2941065353929143,0.5214729052708805,0.38466038329457075,0.0,0.0,0.05679447800070185,0.14502856066392322,0.12564664713402163,0.056527863437702,1.0,1.0,0.045076703957536005,1.0,16858.329460144043,9.5,0.0,0.0,0.0,20,
epoch_56_original,R3_ema_K2,A1_drop_cam_front,2,0.25351056520499415,0.1004520398010107,0.4703289398872024,0.06153742922129694,1.620706034826183,0.5256157191299566,0.4006914220122965,0.34993103601840975,0.4159928405258926,0.4736079318037266,55371.8,0.13496004349744306,0.0,0.6500689639815902,0.47438428087004336,0.4006914220122965,0.34993103601840975,0.05861208562765513,0.025133023330220487,0.004106697399994917,0.1497015286090495,0.2089843931832614,0.026647245063281026,0.004106697399994917,0.34993103601840975,0.5256157191299566,0.4159928405258926,0.0,0.0,0.06153742922129694,0.2089843931832614,0.13496004349744306,0.05861208562765513,1.0,1.0,0.045076703957536005,1.0,16858.329460144043,9.5,0.0,0.0,0.0,20,
epoch_56_original,R3_ema_K2,A1_drop_cam_front,4,0.24692242924175778,0.08848428114180742,0.4789300434410646,0.06274793871391986,1.6340655724184021,0.5177500495569951,0.4067105889155857,0.36245688244795043,0.44485431166342576,0.4810545554985179,55840.7,0.1402271648415439,0.0,0.6375431175520496,0.48224995044300495,0.4067105889155857,0.36245688244795043,0.0640903405458952,0.02307132356783929,0.004886902401026853,0.17272790134062443,0.23816398230927147,0.03321170753625945,0.004886902401026853,0.36245688244795043,0.5177500495569951,0.44485431166342576,0.4789300434410646,0.0,0.06274793871391986,0.23816398230927147,0.1402271648415439,0.0640903405458952,1.0,1.0,0.045076703957536005,1.0,16858.329460144043,9.5,0.0,0.0,0.0,20,
epoch_56_original,R3_ema_K2,A1_drop_cam_front,6,0.2424111708056298,0.07956965032181289,0.4868283894287039,0.06280731358974004,1.6334633139500774,0.4955884551118821,0.40454491285847,0.35489708920739804,0.49723007950355164,0.4864867083999559,55532.25,0.14474249100184367,0.0,0.6451029107926021,0.5044115448881179,0.40454491285847,0.35489708920739804,0.06521562927581216,0.02237621862928025,0.005178850516710657,0.1821646975817392,0.24547396166433627,0.03502508359495757,0.005178850516710657,0.35489708920739804,0.4955884551118821,0.49723007950355164,0.4868283894287039,0.0,0.06280731358974004,0.24547396166433627,0.14474249100184367,0.06521562927581216,1.0,1.0,0.045076703957536005,1.0,16858.329460144043,9.5,0.0,0.0,0.0,20,
epoch_56_original,R4_ema_K3,A1_drop_cam_front,0,0.2633568974434994,0.11322911837237579,0.4698464097027357,0.0567010136746368,1.543578448531962,0.515658545057945,0.0,0.29480363883717814,0.38509233061592824,0.47490863020402346,52359.25,0.12582539058424208,0.0,0.7051963611628218,0.484341454942055,0.0,0.29480363883717814,0.05698750458036439,0.02997914728680398,0.0014094224073845241,0.10588898032958471,0.14379476172778655,0.010964917758447592,0.0014094224073845241,0.29480363883717814,0.515658545057945,0.38509233061592824,0.0,0.0,0.0567010136746368,0.14379476172778655,0.12582539058424208,0.05698750458036439,1.0,2.0,0.04429176278751005,1.0,16327.962660217285,9.5,0.0,0.0,0.0,20,
epoch_56_original,R4_ema_K3,A1_drop_cam_front,2,0.2529920496453789,0.10059308994153185,0.47193975422136464,0.06142880007885913,1.6171401833351848,0.5303614915633376,0.3977870479709472,0.35516707483835225,0.4220715817411782,0.4749485236877978,55252.2,0.1346672423206639,0.0,0.6448329251616477,0.4696385084366625,0.3977870479709472,0.35516707483835225,0.058093570068039946,0.02527407347074163,0.003998068257557111,0.14730841745040119,0.20541854169226292,0.02635444388650186,0.003998068257557111,0.35516707483835225,0.5303614915633376,0.4220715817411782,0.0,0.0,0.06142880007885913,0.20541854169226292,0.1346672423206639,0.058093570068039946,1.0,2.0,0.04429176278751005,1.0,16327.962660217285,9.5,0.0,0.0,0.0,20,
epoch_56_original,R4_ema_K3,A1_drop_cam_front,4,0.24741665448517267,0.08916630089585063,0.4778725116149808,0.06275424673609722,1.6352506722915052,0.5151795673151413,0.4061942858109623,0.35685006235693845,0.4512255590035995,0.4795630348377381,55880.15,0.14074337988970095,0.0,0.6431499376430614,0.48482043268485875,0.4061942858109623,0.35685006235693845,0.06458456578931004,0.02375334332188251,0.004893210423204217,0.17357460837689595,0.23934908218237458,0.03372792258441652,0.004893210423204217,0.35685006235693845,0.5151795673151413,0.4512255590035995,0.4778725116149808,0.0,0.06275424673609722,0.23934908218237458,0.14074337988970095,0.06458456578931004,1.0,2.0,0.04429176278751005,1.0,16327.962660217285,9.5,0.0,0.0,0.0,20,
epoch_56_original,R4_ema_K3,A1_drop_cam_front,6,0.24299227675333662,0.07928179651025043,0.4856537528642229,0.06279861990120009,1.6345501804509563,0.4894489139895962,0.404945987387097,0.35211449965704383,0.49891732734442773,0.48511410919965225,55566.3,0.14572335058933011,0.0,0.6478855003429562,0.5105510860104038,0.404945987387097,0.35211449965704383,0.06579673522351898,0.02208836481771778,0.0051701568281707026,0.18294661603390375,0.2465608281652149,0.03600594318244402,0.0051701568281707026,0.35211449965704383,0.4894489139895962,0.49891732734442773,0.4856537528642229,0.0,0.06279861990120009,0.2465608281652149,0.14572335058933011,0.06579673522351898,1.0,2.0,0.04429176278751005,1.0,16327.962660217285,9.5,0.0,0.0,0.0,20,
epoch_56_original,R0_degraded_native,A10_drop_front_triplet,0,0.1448153268706148,0.06462687060897937,0.701488223395969,0.05958660356260466,1.3660375221142376,0.7990863116242979,0.0,0.7122322677400943,0.4845437744661729,0.7148576565864403,46249.7,0.09990771717823303,0.0,0.28776773225990565,0.20091368837570217,0.0,0.7122322677400943,0.0,0.0,0.0,0.0,0.0,0.0,0.0,0.7122322677400943,0.7990863116242979,0.4845437744661729,0.0,0.0,0.05958660356260466,0.0,0.09990771717823303,0.0,0.0,0.0,0.0,0.0,0.0,9.5,0.0,0.0,0.0,20,
epoch_56_original,R0_degraded_native,A10_drop_front_triplet,2,0.13989864401299756,0.057597538533849316,0.703403808569959,0.06373604046401757,1.4284372200540054,0.8024947116079035,0.22881941866920297,0.8392546516838632,0.5905902378589338,0.7105016232305802,48765.25,0.09381737403762697,0.0,0.16074534831613693,0.19750528839209647,0.22881941866920297,0.8392546516838632,0.0,0.0,0.0,0.0,0.0,0.0,0.0,0.8392546516838632,0.8024947116079035,0.5905902378589338,0.0,0.0,0.06373604046401757,0.0,0.09381737403762697,0.0,0.0,0.0,0.0,0.0,0.0,9.5,0.0,0.0,0.0,20,
epoch_56_original,R0_degraded_native,A10_drop_front_triplet,4,0.12581513773185612,0.046902137579373344,0.7317615593466269,0.06487154091855513,1.4166952363552023,0.8509326076483925,0.2185671780374255,0.8551626251248102,0.6147531189391808,0.7393613011899955,48474.55,0.09373593391362192,0.0,0.14483737487518988,0.1490673923516075,0.2185671780374255,0.8551626251248102,0.0,0.0,0.0,0.0,0.0,0.0,0.0,0.8551626251248102,0.8509326076483925,0.6147531189391808,0.7317615593466269,0.0,0.06487154091855513,0.0,0.09373593391362192,0.0,0.0,0.0,0.0,0.0,0.0,9.5,0.0,0.0,0.0,20,
epoch_56_original,R0_degraded_native,A10_drop_front_triplet,6,0.11813078110241912,0.03936165342398813,0.7479708421261997,0.06491447496798125,1.4047137752001873,0.8696778486742934,0.20663200760547365,0.8445782455829007,0.6431115985566934,0.7550862729220192,47888.3,0.09463917096822665,0.06330567236590427,0.15542175441709913,0.1303221513257066,0.20663200760547365,0.8445782455829007,0.0,0.0,0.0,0.0,0.0,0.0,0.0,0.8445782455829007,0.8696778486742934,0.6431115985566934,0.7479708421261997,0.06330567236590427,0.06491447496798125,0.0,0.09463917096822665,0.0,0.0,0.0,0.0,0.0,0.0,9.5,0.0,0.0,0.0,20,
epoch_56_original,R1_replace_tminus1,A10_drop_front_triplet,0,0.2442162575646817,0.10073948297292712,0.49281774514717147,0.06024147447534195,1.5836929455662074,0.6311351375132481,0.0,0.31052937601784947,0.4031795432149895,0.4982371935803064,53715.5,0.12604487445611945,0.0,0.6894706239821506,0.368864862486752,0.0,0.31052937601784947,0.0994009306940669,0.036112612363947735,0.0006548709127372776,0.1648204211925944,0.21765542345196964,0.02613715727788641,0.0006548709127372776,0.31052937601784947,0.6311351375132481,0.4031795432149895,0.0,0.0,0.06024147447534195,0.21765542345196964,0.12604487445611945,0.0994009306940669,3.0,1.0,0.04678967881834868,1.0,18427.767340596518,9.5,0.0,0.0,0.0,20,
epoch_56_original,R1_replace_tminus1,A10_drop_front_triplet,2,0.2334785555834984,0.09072539183635839,0.4966103115912415,0.06532082444049377,1.66138814449859,0.6674391739395404,0.3723929429468976,0.37202574959662704,0.42495418064143237,0.5011136654143923,56770.2,0.13662022888735986,0.0,0.627974250403373,0.33256082606045967,0.3723929429468976,0.37202574959662704,0.09357991157050086,0.033127853302509044,0.0015847839764761985,0.1702933368238866,0.23295092444458435,0.042802854849732876,0.0015847839764761985,0.37202574959662704,0.6674391739395404,0.42495418064143237,0.0,0.0,0.06532082444049377,0.23295092444458435,0.13662022888735986,0.09357991157050086,3.0,1.0,0.04678967881834868,1.0,18427.767340596518,9.5,0.0,0.0,0.0,20,
epoch_56_original,R1_replace_tminus1,A10_drop_front_triplet,4,0.22956955841135357,0.08263519103349504,0.500380719569535,0.06648958323754448,1.6782842131324727,0.6264056633231325,0.38326808257060413,0.3641088680548685,0.43862702853230917,0.5043081198397235,57384.3,0.1424802302762533,0.0,0.6358911319451316,0.3735943366768674,0.38326808257060413,0.3641088680548685,0.10375442067949744,0.03573305345412169,0.0016180423189893372,0.18846530888376373,0.26158897677727055,0.048744296362631404,0.0016180423189893372,0.3641088680548685,0.6264056633231325,0.43862702853230917,0.500380719569535,0.0,0.06648958323754448,0.26158897677727055,0.1424802302762533,0.10375442067949744,3.0,1.0,0.04678967881834868,1.0,18427.767340596518,9.5,0.0,0.0,0.0,20,
epoch_56_original,R1_replace_tminus1,A10_drop_front_triplet,6,0.22586194387162056,0.07354263981417666,0.5062644556267444,0.06666210817147464,1.682287172946491,0.5880587750241351,0.3822761828669277,0.3538388774789223,0.48330265786159304,0.5079684394010612,57212.75,0.1476389882876687,0.5435465122275482,0.6461611225210777,0.411941224975865,0.3822761828669277,0.3538388774789223,0.10773116276920143,0.03418098639018853,0.0017476332034933781,0.19915206239795294,0.2775733977463041,0.052999817319442054,0.0017476332034933781,0.3538388774789223,0.5880587750241351,0.48330265786159304,0.5062644556267444,0.5435465122275482,0.06666210817147464,0.2775733977463041,0.1476389882876687,0.10773116276920143,3.0,1.0,0.04678967881834868,1.0,18427.767340596518,9.5,0.0,0.0,0.0,20,
epoch_56_original,R2_replace_tminus2,A10_drop_front_triplet,0,0.23969477202933415,0.09327990990437467,0.5016836313441465,0.06036814985210872,1.5769633461822956,0.6970939347436813,0.0,0.34469063610833495,0.4681977183224745,0.5039381106150871,53493.25,0.13018044251352523,0.0,0.6553093638916649,0.3029060652563186,0.0,0.34469063610833495,0.09487944515871934,0.028653039295395293,0.0007815462895040548,0.1603388378483513,0.21092582406805788,0.030272725335292166,0.0007815462895040548,0.34469063610833495,0.6970939347436813,0.4681977183224745,0.0,0.0,0.06036814985210872,0.21092582406805788,0.13018044251352523,0.09487944515871934,3.0,2.0,0.047094807446454515,1.0,18505.58605499268,9.5,0.0,0.0,0.0,20,
epoch_56_original,R2_replace_tminus2,A10_drop_front_triplet,2,0.22655621557543096,0.0859288372952178,0.5082054982434411,0.06603616317230969,1.6629670607966704,0.6929842000598817,0.35514687101640197,0.3979283795542745,0.4856756925329867,0.509900547096588,56805.45,0.1402043326042424,0.0,0.6020716204457255,0.3070157999401183,0.35514687101640197,0.3979283795542745,0.0866575715624334,0.02833129876136849,0.002300122708292124,0.1708343654817549,0.23452984074266517,0.046386958566615455,0.002300122708292124,0.3979283795542745,0.6929842000598817,0.4856756925329867,0.0,0.0,0.06603616317230969,0.23452984074266517,0.1402043326042424,0.0866575715624334,3.0,2.0,0.047094807446454515,1.0,18505.58605499268,9.5,0.0,0.0,0.0,20,
epoch_56_original,R2_replace_tminus2,A10_drop_front_triplet,4,0.22334938330527962,0.07800675011054944,0.5088248112060068,0.06778209512501339,1.693640768014276,0.6664703079522118,0.36954160117231094,0.3696247813220518,0.4987457360971767,0.5097279310863018,57872.45,0.14640516579105717,0.0,0.6303752186779483,0.3335296920477881,0.36954160117231094,0.3696247813220518,0.09753424557342354,0.031104612531176107,0.0029105542064582542,0.19864240754950405,0.2769455316590735,0.05266923187743523,0.0029105542064582542,0.3696247813220518,0.6664703079522118,0.4987457360971767,0.5088248112060068,0.0,0.06778209512501339,0.2769455316590735,0.14640516579105717,0.09753424557342354,3.0,2.0,0.047094807446454515,1.0,18505.58605499268,9.5,0.0,0.0,0.0,20,
epoch_56_original,R2_replace_tminus2,A10_drop_front_triplet,6,0.21900315606908083,0.0694332368571151,0.5173580375482032,0.06775800143909752,1.6907899262868793,0.6558944003100434,0.3646232442766881,0.3573546908907519,0.5365000066100598,0.5164341535074926,57495.15,0.15106007328959584,0.5306448508510465,0.6426453091092481,0.3441055996899566,0.3646232442766881,0.3573546908907519,0.10087237496666171,0.030071583433126957,0.002843526471116259,0.20531262617338858,0.2860761510866924,0.05642090232136917,0.002843526471116259,0.3573546908907519,0.6558944003100434,0.5365000066100598,0.5173580375482032,0.5306448508510465,0.06775800143909752,0.2860761510866924,0.15106007328959584,0.10087237496666171,3.0,2.0,0.047094807446454515,1.0,18505.58605499268,9.5,0.0,0.0,0.0,20,
epoch_56_original,R3_ema_K2,A10_drop_front_triplet,0,0.2456796272316301,0.09858842244151114,0.4912723225957169,0.059860210896168234,1.5783559044125426,0.6383816004832352,0.0,0.31389752425469863,0.41913270907378897,0.4957453228740338,53532.45,0.12681754240121465,0.0,0.6861024757453014,0.3616183995167647,0.0,0.31389752425469863,0.1008643003610153,0.03396155183253176,0.0002736073335635796,0.1608236068380824,0.2123183822983051,0.02690982522298162,0.0002736073335635796,0.31389752425469863,0.6383816004832352,0.41913270907378897,0.0,0.0,0.059860210896168234,0.2123183822983051,0.12681754240121465,0.1008643003610153,3.0,1.0,0.04440976578290715,1.0,16942.992058817545,9.5,0.0,0.0,0.0,20,
epoch_56_original,R3_ema_K2,A10_drop_front_triplet,2,0.23236382007740808,0.08969306854191371,0.49939336019795205,0.06522520284223776,1.6569185421071229,0.661982016087543,0.36605693628385266,0.3749659024739954,0.4427904746145811,0.503052708700706,56616.2,0.13570839998914613,0.0,0.6250340975260047,0.33801798391245697,0.36605693628385266,0.3749659024739954,0.09246517606441057,0.0320955300080644,0.0014891623782202022,0.16713382431166832,0.22848132205311716,0.04189102595151915,0.0014891623782202022,0.3749659024739954,0.661982016087543,0.4427904746145811,0.0,0.0,0.06522520284223776,0.22848132205311716,0.13570839998914613,0.09246517606441057,3.0,1.0,0.04440976578290715,1.0,16942.992058817545,9.5,0.0,0.0,0.0,20,
epoch_56_original,R3_ema_K2,A10_drop_front_triplet,4,0.22852545644638736,0.08113560544542499,0.5026242560201916,0.06649227768193852,1.6764791012885525,0.6459294379472388,0.3786009309275372,0.3660295899192608,0.4662363091563807,0.5050582821782512,57305.75,0.14170976337286015,0.0,0.6339704100807392,0.3540705620527612,0.3786009309275372,0.3660295899192608,0.10271031871453126,0.03423346786605165,0.0016207367633833895,0.18660858233170766,0.2597838649333499,0.047973829459238185,0.0016207367633833895,0.3660295899192608,0.6459294379472388,0.4662363091563807,0.5026242560201916,0.0,0.06649227768193852,0.2597838649333499,0.14170976337286015,0.10271031871453126,3.0,1.0,0.04440976578290715,1.0,16942.992058817545,9.5,0.0,0.0,0.0,20,
epoch_56_original,R3_ema_K2,A10_drop_front_triplet,6,0.22474343448333522,0.07240106033898142,0.5094284075002337,0.06652264100695977,1.676669755473916,0.6178245011144614,0.3762972175654259,0.3552742273317727,0.5092606911649498,0.5097877972406286,57019.95,0.14671349000589426,0.5420948165778825,0.6447257726682273,0.3821754988855386,0.3762972175654259,0.3552742273317727,0.10661265338091612,0.03303940691499328,0.0016081660389784965,0.1949760794406403,0.2719559802737287,0.052074319037667585,0.0016081660389784965,0.3552742273317727,0.6178245011144614,0.5092606911649498,0.5094284075002337,0.5420948165778825,0.06652264100695977,0.2719559802737287,0.14671349000589426,0.10661265338091612,3.0,1.0,0.04440976578290715,1.0,16942.992058817545,9.5,0.0,0.0,0.0,20,
epoch_56_original,R4_ema_K3,A10_drop_front_triplet,0,0.24598956871083644,0.10157826010318385,0.4915058508740563,0.059648040288860435,1.574429687130786,0.6444325176619051,0.0,0.3148560853620599,0.4236456499901723,0.4957900553848439,53393.85,0.12655096606505584,0.0,0.6851439146379401,0.3555674823380949,0.0,0.3148560853620599,0.10117424184022164,0.036951389494204456,6.143672625578584e-05,0.1576555072914283,0.2083921650165485,0.02664324888682283,6.143672625578584e-05,0.3148560853620599,0.6444325176619051,0.4236456499901723,0.0,0.0,0.059648040288860435,0.2083921650165485,0.12655096606505584,0.10117424184022164,3.0,2.0,0.043448654624323055,1.0,16355.932534281412,9.5,0.0,0.0,0.0,20,
epoch_56_original,R4_ema_K3,A10_drop_front_triplet,2,0.23181190648456465,0.09070212567495889,0.5012767975626742,0.06500942440447902,1.6513226258137295,0.681241544566844,0.36323117677586736,0.37783256840784774,0.4492948470120933,0.5047148185228569,56422.4,0.13584131247448988,0.0,0.6221674315921523,0.3187584554331561,0.36323117677586736,0.37783256840784774,0.09191326247156714,0.03310458714110957,0.0012733839404614742,0.16299157011670184,0.22288540575972382,0.04202393843686293,0.0012733839404614742,0.37783256840784774,0.681241544566844,0.4492948470120933,0.0,0.0,0.06500942440447902,0.22288540575972382,0.13584131247448988,0.09191326247156714,3.0,2.0,0.043448654624323055,1.0,16355.932534281412,9.5,0.0,0.0,0.0,20,
epoch_56_original,R4_ema_K3,A10_drop_front_triplet,4,0.22929132587128312,0.081816418771217,0.5013003876867119,0.06639702110915598,1.6762559219084259,0.6588755626408543,0.37917946553516274,0.36170457009436763,0.468650824276057,0.5035231540262392,57292.3,0.14284825776425125,0.0,0.6382954299056324,0.3411244373591455,0.37917946553516274,0.36170457009436763,0.10347618813942701,0.03491428119184363,0.0015254801906008368,0.18612212773385603,0.25956068555322337,0.0491123238506293,0.0015254801906008368,0.36170457009436763,0.6588755626408543,0.468650824276057,0.5013003876867119,0.0,0.06639702110915598,0.25956068555322337,0.14284825776425125,0.10347618813942701,3.0,2.0,0.043448654624323055,1.0,16355.932534281412,9.5,0.0,0.0,0.0,20,
epoch_56_original,R4_ema_K3,A10_drop_front_triplet,6,0.22537474141678446,0.07201084830690123,0.5083535826512058,0.06643189105020202,1.6760961504003737,0.6319028371791667,0.37635221176706546,0.35341601415944734,0.5151544073233665,0.5083202661387385,56999.45,0.1489087335998674,0.5412873894166201,0.6465839858405527,0.36809716282083327,0.37635221176706546,0.35341601415944734,0.10724396031436531,0.03264919488291309,0.0015174160822207694,0.19439774241667848,0.2713823752001868,0.05426956263164075,0.0015174160822207694,0.35341601415944734,0.6319028371791667,0.5151544073233665,0.5083535826512058,0.5412873894166201,0.06643189105020202,0.2713823752001868,0.1489087335998674,0.10724396031436531,3.0,2.0,0.043448654624323055,1.0,16355.932534281412,9.5,0.0,0.0,0.0,20,
epoch_56_original,R8_camera_group_repair_front_triplet,A10_drop_front_triplet,0,0.2442162575646817,0.10073948297292712,0.49281774514717147,0.06024147447534195,1.5836929455662074,0.6311351375132481,0.0,0.31052937601784947,0.4031795432149895,0.4982371935803064,53715.5,0.12604487445611945,0.0,0.6894706239821506,0.368864862486752,0.0,0.31052937601784947,0.0994009306940669,0.036112612363947735,0.0006548709127372776,0.1648204211925944,0.21765542345196964,0.02613715727788641,0.0006548709127372776,0.31052937601784947,0.6311351375132481,0.4031795432149895,0.0,0.0,0.06024147447534195,0.21765542345196964,0.12604487445611945,0.0994009306940669,3.0,1.0,0.04678967881834868,1.0,18427.767340596518,9.5,0.0,0.0,0.0,20,
epoch_56_original,R8_camera_group_repair_front_triplet,A10_drop_front_triplet,2,0.2334785555834984,0.09072539183635839,0.4966103115912415,0.06532082444049377,1.66138814449859,0.6674391739395404,0.3723929429468976,0.37202574959662704,0.42495418064143237,0.5011136654143923,56770.2,0.13662022888735986,0.0,0.627974250403373,0.33256082606045967,0.3723929429468976,0.37202574959662704,0.09357991157050086,0.033127853302509044,0.0015847839764761985,0.1702933368238866,0.23295092444458435,0.042802854849732876,0.0015847839764761985,0.37202574959662704,0.6674391739395404,0.42495418064143237,0.0,0.0,0.06532082444049377,0.23295092444458435,0.13662022888735986,0.09357991157050086,3.0,1.0,0.04678967881834868,1.0,18427.767340596518,9.5,0.0,0.0,0.0,20,
epoch_56_original,R8_camera_group_repair_front_triplet,A10_drop_front_triplet,4,0.22956955841135357,0.08263519103349504,0.500380719569535,0.06648958323754448,1.6782842131324727,0.6264056633231325,0.38326808257060413,0.3641088680548685,0.43862702853230917,0.5043081198397235,57384.3,0.1424802302762533,0.0,0.6358911319451316,0.3735943366768674,0.38326808257060413,0.3641088680548685,0.10375442067949744,0.03573305345412169,0.0016180423189893372,0.18846530888376373,0.26158897677727055,0.048744296362631404,0.0016180423189893372,0.3641088680548685,0.6264056633231325,0.43862702853230917,0.500380719569535,0.0,0.06648958323754448,0.26158897677727055,0.1424802302762533,0.10375442067949744,3.0,1.0,0.04678967881834868,1.0,18427.767340596518,9.5,0.0,0.0,0.0,20,
epoch_56_original,R8_camera_group_repair_front_triplet,A10_drop_front_triplet,6,0.22586194387162056,0.07354263981417666,0.5062644556267444,0.06666210817147464,1.682287172946491,0.5880587750241351,0.3822761828669277,0.3538388774789223,0.48330265786159304,0.5079684394010612,57212.75,0.1476389882876687,0.5435465122275482,0.6461611225210777,0.411941224975865,0.3822761828669277,0.3538388774789223,0.10773116276920143,0.03418098639018853,0.0017476332034933781,0.19915206239795294,0.2775733977463041,0.052999817319442054,0.0017476332034933781,0.3538388774789223,0.5880587750241351,0.48330265786159304,0.5062644556267444,0.5435465122275482,0.06666210817147464,0.2775733977463041,0.1476389882876687,0.10773116276920143,3.0,1.0,0.04678967881834868,1.0,18427.767340596518,9.5,0.0,0.0,0.0,20,
epoch_56_original,R0_degraded_native,C4_motion_blur_9,0,0.16242693345154863,0.06296838173936213,0.6370036919041009,0.06812334787410329,1.5829526815262458,0.7254662803125036,0.0,0.44670422147070177,0.4637760006938339,0.6478693830613395,53551.1,0.11413965932192457,0.0,0.5532957785292982,0.2745337196874963,0.0,0.44670422147070177,0.0,0.0,0.0,0.0,0.0,0.0,0.0,0.44670422147070177,0.7254662803125036,0.4637760006938339,0.0,0.0,0.06812334787410329,0.0,0.11413965932192457,0.0,0.0,0.0,0.0,0.0,0.0,9.5,0.0,0.0,0.0,20,
epoch_56_original,R0_degraded_native,C4_motion_blur_9,2,0.17664573916819934,0.06558357201232543,0.602223879803049,0.07028443336411956,1.6461093844818688,0.7365985973142135,0.30508567497180294,0.44382705466188027,0.4756356514592624,0.6103216471443632,56180.35,0.12455496411454688,0.0,0.5561729453381197,0.2634014026857866,0.30508567497180294,0.44382705466188027,0.0,0.0,0.0,0.0,0.0,0.0,0.0,0.44382705466188027,0.7365985973142135,0.4756356514592624,0.0,0.0,0.07028443336411956,0.0,0.12455496411454688,0.0,0.0,0.0,0.0,0.0,0.0,9.5,0.0,0.0,0.0,20,
epoch_56_original,R0_degraded_native,C4_motion_blur_9,4,0.17479454869541006,0.06230831861589915,0.6107152712459704,0.06916548610763765,1.6155211209436164,0.767126731286377,0.30768273653888867,0.47990092072929913,0.49242544654923426,0.6181548680619843,55232.7,0.11957837963019458,0.0,0.5200990792707009,0.23287326871362302,0.30768273653888867,0.47990092072929913,0.0,0.0,0.0,0.0,0.0,0.0,0.0,0.47990092072929913,0.767126731286377,0.49242544654923426,0.6107152712459704,0.0,0.06916548610763765,0.0,0.11957837963019458,0.0,0.0,0.0,0.0,0.0,0.0,9.5,0.0,0.0,0.0,20,
epoch_56_original,R0_degraded_native,C4_motion_blur_9,6,0.16978158401874327,0.0569518351976259,0.6209568086668109,0.06918213959200427,1.610534724769008,0.7432099540217394,0.3025815495654471,0.5164181553733731,0.49487822045787205,0.6286474609303895,54836.05,0.120935201641126,0.0,0.4835818446266269,0.2567900459782605,0.3025815495654471,0.5164181553733731,0.0,0.0,0.0,0.0,0.0,0.0,0.0,0.5164181553733731,0.7432099540217394,0.49487822045787205,0.6209568086668109,0.0,0.06918213959200427,0.0,0.120935201641126,0.0,0.0,0.0,0.0,0.0,0.0,9.5,0.0,0.0,0.0,20,
epoch_56_original,R5_blend_alpha03,C4_motion_blur_9,0,0.18263485126572132,0.0714662123021131,0.613024628458715,0.06256077196418214,1.5078511904772438,0.6768600058397929,0.0,0.46380521546844333,0.43889988388920964,0.6234195528739511,51045.15,0.11699675012732776,0.0,0.5361947845315567,0.323139994160207,0.0,0.46380521546844333,0.02020791781417266,0.008497830562750958,-0.00556257590992114,-0.043581624905350905,-0.0751014910490018,0.0028570908054031978,-0.00556257590992114,0.46380521546844333,0.6768600058397929,0.43889988388920964,0.0,0.0,0.06256077196418214,-0.0751014910490018,0.11699675012732776,0.02020791781417266,6.0,1.0,0.03981949611369408,1.0,1361.1300404866536,9.5,0.0,0.0,0.0,20,0.29999999999999993
epoch_56_original,R5_blend_alpha03,C4_motion_blur_9,2,0.2001029134189931,0.06984428775065903,0.5731603678413694,0.06409324569389942,1.5647151484042046,0.7070496657100749,0.33693468424608775,0.4391464327593703,0.483476896121771,0.5784914823846485,53442.95,0.12856646024774093,0.0,0.5608535672406297,0.2929503342899253,0.33693468424608775,0.4391464327593703,0.023457174250793744,0.004260715738333578,-0.006191187670220147,-0.04512850810861234,-0.08139423607766436,0.004011496133194093,-0.006191187670220147,0.4391464327593703,0.7070496657100749,0.483476896121771,0.0,0.0,0.06409324569389942,-0.08139423607766436,0.12856646024774093,0.023457174250793744,6.0,1.0,0.03981949611369408,1.0,1361.1300404866536,9.5,0.0,0.0,0.0,20,0.29999999999999993
epoch_56_original,R5_blend_alpha03,C4_motion_blur_9,4,0.20305381736207062,0.06857085283890921,0.5714180910173133,0.06275569496779167,1.541163652731798,0.6776042558024307,0.350514763967812,0.4522484676803254,0.4884723115847379,0.5764138002356276,52691.75,0.1286037656498338,0.0,0.5477515323196747,0.3223957441975692,0.350514763967812,0.4522484676803254,0.028259268666660557,0.006262534223010051,-0.00640979113984598,-0.04370706571805055,-0.07435746821181807,0.00902538601963919,-0.00640979113984598,0.4522484676803254,0.6776042558024307,0.4884723115847379,0.5714180910173133,0.0,0.06275569496779167,-0.07435746821181807,0.1286037656498338,0.028259268666660557,6.0,1.0,0.03981949611369408,1.0,1361.1300404866536,9.5,0.0,0.0,0.0,20,0.29999999999999993
epoch_56_original,R5_blend_alpha03,C4_motion_blur_9,6,0.20476055659604522,0.06675319412983678,0.5663051422881857,0.0628746535956137,1.5525141468216574,0.6755661811555137,0.35019445412813205,0.449900377670091,0.49631978789841585,0.5705984989394028,52869.2,0.13061749505676742,0.0,0.550099622329909,0.3244338188444865,0.35019445412813205,0.449900377670091,0.034978972577301926,0.00980135893221087,-0.006307485996390574,-0.03384731175726624,-0.058020577947350715,0.009682293415641407,-0.006307485996390574,0.449900377670091,0.6755661811555137,0.49631978789841585,0.5663051422881857,0.0,0.0628746535956137,-0.058020577947350715,0.13061749505676742,0.034978972577301926,6.0,1.0,0.03981949611369408,1.0,1361.1300404866536,9.5,0.0,0.0,0.0,20,0.29999999999999993
epoch_56_original,R6_blend_alpha05,C4_motion_blur_9,0,0.1748812048489875,0.07014290855219776,0.6255453965880429,0.06358520819335739,1.513395604296675,0.6933002992169348,0.0,0.46747317113724174,0.43053129868767037,0.6373745774599078,51229.65,0.11662753259617582,0.0,0.5325268288627584,0.30669970078306513,0.0,0.46747317113724174,0.01245427139743884,0.0071745268128356274,-0.004538139680745895,-0.040881160404907135,-0.0695570772295706,0.002487873274251262,-0.004538139680745895,0.46747317113724174,0.6933002992169348,0.43053129868767037,0.0,0.0,0.06358520819335739,-0.0695570772295706,0.11662753259617582,0.01245427139743884,6.0,1.0,0.03981949611369408,1.0,1783.8404505411786,9.5,0.0,0.0,0.0,20,0.5
epoch_56_original,R6_blend_alpha05,C4_motion_blur_9,2,0.1912758828306121,0.06711475099624954,0.5867406092269268,0.06560520382647891,1.5783216000626656,0.7217551291365287,0.3260275259813267,0.4309536715644568,0.47465667493848535,0.5935881750009038,53896.0,0.12699298851778357,0.0,0.5690463284355431,0.2782448708634713,0.3260275259813267,0.4309536715644568,0.014630143662412715,0.0015311789839240818,-0.004679229537640633,-0.03815901880676953,-0.06778778441920316,0.002438024403236697,-0.004679229537640633,0.4309536715644568,0.7217551291365287,0.47465667493848535,0.0,0.0,0.06560520382647891,-0.06778778441920316,0.12699298851778357,0.014630143662412715,6.0,1.0,0.03981949611369408,1.0,1783.8404505411786,9.5,0.0,0.0,0.0,20,0.5
epoch_56_original,R6_blend_alpha05,C4_motion_blur_9,4,0.1957095555244084,0.06571352045131311,0.5815425631745511,0.06424928632619344,1.5575996227026414,0.719427028052476,0.34017312710055797,0.4528359021386622,0.4822021082279696,0.5875285855329626,53255.6,0.12781696646931293,0.0,0.5471640978613378,0.28057297194752384,0.34017312710055797,0.4528359021386622,0.020915006828998346,0.003405201835413959,-0.004916199781444222,-0.03398137481077152,-0.05792149824097483,0.008238586839118347,-0.004916199781444222,0.4528359021386622,0.719427028052476,0.4822021082279696,0.5815425631745511,0.0,0.06424928632619344,-0.05792149824097483,0.12781696646931293,0.020915006828998346,6.0,1.0,0.03981949611369408,1.0,1783.8404505411786,9.5,0.0,0.0,0.0,20,0.5
epoch_56_original,R6_blend_alpha05,C4_motion_blur_9,6,0.195989406132304,0.06252417374270972,0.579030885172094,0.06445607758028518,1.5681816322335491,0.6900865429063714,0.3390395912434795,0.4688856481266546,0.49270714417091704,0.5842751943149499,53398.45,0.1305108483343633,0.0,0.5311143518733453,0.3099134570936285,0.3390395912434795,0.4688856481266546,0.026207822113560708,0.005572338545083816,-0.004726062011719112,-0.024955054444585466,-0.04235309253545929,0.009575646693237287,-0.004726062011719112,0.4688856481266546,0.6900865429063714,0.49270714417091704,0.579030885172094,0.0,0.06445607758028518,-0.04235309253545929,0.1305108483343633,0.026207822113560708,6.0,1.0,0.03981949611369408,1.0,1783.8404505411786,9.5,0.0,0.0,0.0,20,0.5
epoch_56_original,R7_blend_alpha07,C4_motion_blur_9,0,0.17009309878580087,0.06897173804614933,0.6297321090121634,0.06529058055743284,1.5396179393615486,0.6974103500011875,0.0,0.4584846561178936,0.43303972998246076,0.6418327243444282,52103.5,0.11596095872831362,0.0,0.5415153438821064,0.30258964999881255,0.0,0.4584846561178936,0.007666165334252221,0.006003356306787164,-0.002832767316670439,-0.025228513322267405,-0.043334742164696884,0.001821299406389048,-0.002832767316670439,0.4584846561178936,0.6974103500011875,0.43303972998246076,0.0,0.0,0.06529058055743284,-0.043334742164696884,0.11596095872831362,0.007666165334252221,6.0,1.0,0.03981949611369408,1.0,1663.5055793762208,9.5,0.0,0.0,0.0,20,0.6999999999999998
epoch_56_original,R7_blend_alpha07,C4_motion_blur_9,2,0.18584396138519704,0.06736262974730653,0.5921355560068943,0.06736307869313045,1.6043116965829796,0.724465111445028,0.31889217171858064,0.427793264878671,0.46856084995810604,0.5999292623782722,54767.55,0.12606437250850783,0.0,0.572206735121329,0.275534888554972,0.31889217171858064,0.427793264878671,0.009198222216997658,0.0017790577349810898,-0.002921354670989112,-0.023308985560885627,-0.04179768789888923,0.0015094083939609364,-0.002921354670989112,0.427793264878671,0.724465111445028,0.46856084995810604,0.0,0.0,0.06736307869313045,-0.04179768789888923,0.12606437250850783,0.009198222216997658,6.0,1.0,0.03981949611369408,1.0,1663.5055793762208,9.5,0.0,0.0,0.0,20,0.6999999999999998
epoch_56_original,R7_blend_alpha07,C4_motion_blur_9,4,0.18800756848295883,0.06565838130984394,0.5901030220947475,0.06655025702979545,1.5899295771892228,0.7376557624573553,0.32958992539259147,0.44732474340093153,0.47678400405279453,0.5971372983493792,54355.85,0.12536741223629416,0.0,0.5526752565990685,0.2623442375426447,0.32958992539259147,0.44732474340093153,0.013213019787548765,0.0033500626939447927,-0.002615229077842207,-0.014641516478730857,-0.02559154375439334,0.005789032606099583,-0.002615229077842207,0.44732474340093153,0.7376557624573553,0.47678400405279453,0.5901030220947475,0.0,0.06655025702979545,-0.02559154375439334,0.12536741223629416,0.013213019787548765,6.0,1.0,0.03981949611369408,1.0,1663.5055793762208,9.5,0.0,0.0,0.0,20,0.6999999999999998
epoch_56_original,R7_blend_alpha07,C4_motion_blur_9,6,0.18608158889318333,0.06176611947723214,0.59320796581306,0.0665108744606154,1.5908605507343163,0.7325771506498192,0.3280451063915377,0.4785391632331882,0.4816904334909058,0.5999685885910127,54161.4,0.12796107720733332,0.0,0.5214608367668119,0.26742284935018085,0.3280451063915377,0.4785391632331882,0.016300004874440017,0.004814284279606247,-0.0026712651313888763,-0.011867790229830186,-0.01967417403469206,0.007025875566207271,-0.0026712651313888763,0.4785391632331882,0.7325771506498192,0.4816904334909058,0.59320796581306,0.0,0.0665108744606154,-0.01967417403469206,0.12796107720733332,0.016300004874440017,6.0,1.0,0.03981949611369408,1.0,1663.5055793762208,9.5,0.0,0.0,0.0,20,0.6999999999999998
epoch_56_original,R0_degraded_native,A7_drop_all_rear,0,0.22945516060229848,0.09864282198168839,0.5781432933240468,0.0467304895400569,1.258463708578152,0.6238490887205016,0.0,0.20813356172673006,0.5110256617434326,0.5812315503684616,42617.75,0.10932149785965335,0.0,0.79186643827327,0.3761509112794984,0.0,0.20813356172673006,0.0,0.0,0.0,0.0,0.0,0.0,0.0,0.20813356172673006,0.6238490887205016,0.5110256617434326,0.0,0.0,0.0467304895400569,0.0,0.10932149785965335,0.0,0.0,0.0,0.0,0.0,0.0,9.5,0.0,0.0,0.0,20,
epoch_56_original,R0_degraded_native,A7_drop_all_rear,2,0.22406506095809733,0.08755049028790388,0.5555408430608304,0.055150531479369415,1.4244295392784259,0.5740581213433888,0.34402674398683697,0.29524521659602415,0.49377178083420936,0.558588023024942,48590.9,0.1264593829287412,0.0,0.704754783403976,0.4259418786566112,0.34402674398683697,0.29524521659602415,0.0,0.0,0.0,0.0,0.0,0.0,0.0,0.29524521659602415,0.5740581213433888,0.49377178083420936,0.0,0.0,0.055150531479369415,0.0,0.1264593829287412,0.0,0.0,0.0,0.0,0.0,0.0,9.5,0.0,0.0,0.0,20,
epoch_56_original,R0_degraded_native,A7_drop_all_rear,4,0.23885788677718628,0.09025538459829421,0.526006174370472,0.0557122291757786,1.4621241613696152,0.5529611079253836,0.36416069545513957,0.27709885064189343,0.520197998062421,0.5256601249973508,49994.8,0.13396638369523475,0.0,0.7229011493581066,0.44703889207461633,0.36416069545513957,0.27709885064189343,0.0,0.0,0.0,0.0,0.0,0.0,0.0,0.27709885064189343,0.5529611079253836,0.520197998062421,0.526006174370472,0.0,0.0557122291757786,0.0,0.13396638369523475,0.0,0.0,0.0,0.0,0.0,0.0,9.5,0.0,0.0,0.0,20,
epoch_56_original,R0_degraded_native,A7_drop_all_rear,6,0.24221034420921234,0.089654140191022,0.5187469568568222,0.055888926974864805,1.4770819393341572,0.5125463301197336,0.3756577613312434,0.28853871691703536,0.5287721816467557,0.5176247027916691,50306.7,0.13520148218122074,0.0,0.7114612830829646,0.48745366988026645,0.3756577613312434,0.28853871691703536,0.0,0.0,0.0,0.0,0.0,0.0,0.0,0.28853871691703536,0.5125463301197336,0.5287721816467557,0.5187469568568222,0.0,0.055888926974864805,0.0,0.13520148218122074,0.0,0.0,0.0,0.0,0.0,0.0,9.5,0.0,0.0,0.0,20,
